James,Butt,20
Josephine,Darakjy,25
Art,Venere,31
Lenna,Paprocki,45
Donette,Foller,12
Simona,Morasca,1
Mitsue,Tollner,90
Leota,Dilliard,87
Sage,Wieser,100
Kris,Marrier,15
Minna,Amigon,17
Abel,Maclead,50
Kiley,Caldarera,60
Graciela,Ruta,23
Cammy,Albares,45
Mattie,Poquette,11
Meaghan,Garufi,33
Gladys,Rim,67
Yuki,Whobrey,65
Fletcher,Flosi,38
Bette,Nicka,94
Veronika,Inouye,24
Willard,Kolmetz,38
Maryann,Royster,75
Alisha,Slusarski,97
Allene,Iturbide,31
Chanel,Caudy,25
Ezekiel,Chui,35
Willow,Kusko,78
Bernardo,Figeroa,42
Ammie,Corrio,64
Francine,Vocelka,75
Ernie,Stenseth,86
Albina,Glick,98
Alishia,Sergi,11
Solange,Shinko,22
Jose,Stockham,3
Rozella,Ostrosky,4
Valentine,Gillian,55
Kati,Rulapaugh,44
Youlanda,Schemmer,33
Dyan,Oldroyd,66
Roxane,Campain,77
Lavera,Perin,88
Erick,Ferencz,99
Fatima,Saylors,21
Jina,Briddick,31
Kanisha,Waycott,41
Emerson,Bowley,51
Blair,Malet,61
Brock,Bolognia,71
Lorrie,Nestle,81
Sabra,Uyetake,91
Marjory,Mastella,19
Karl,Klonowski,28
Tonette,Wenner,37
Amber,Monarrez,46
Shenika,Seewald,59
Delmy,Ahle,53
Deeanna,Juhas,84
Blondell,Pugh,62
Jamal,Vanausdal,34
Cecily,Hollack,46
Carmelina,Lindall,76
Maurine,Yglesias,53
Tawna,Buvens,65
Penney,Weight,5
Elly,Morocco,40
Ilene,Eroman,80
Vallie,Mondella,64
Kallie,Blackwood,43
Johnetta,Abdallah,53
Bobbye,Rhym,81
Micaela,Rhymes,91
Tamar,Hoogland,19
Moon,Parlato,28
Laurel,Reitler,37
Delisa,Crupi,46
Viva,Toelkes,65
Elza,Lipke,22
Devorah,Chickering,3
Timothy,Mulqueen,4
Arlette,Honeywell,55
Dominque,Dickerson,59
Lettie,Isenhower,53
Myra,Munns,40
Stephaine,Barfield,80
Lai,Gato,40
Stephen,Emigh,46
Tyra,Shields,76
Tammara,Wardrip,53
Cory,Gibes,65
Danica,Bruschke,5
Wilda,Giguere,11
Elvera,Benimadho,22
Carma,Vanheusen,3
Malinda,Hochard,4
Natalie,Fern,55
Lisha,Centini,44
Arlene,Klusman,33
Alease,Buemi,66
Louisa,Cronauer,77
Angella,Cetta,88
Cyndy,Goldammer,99
Rosio,Cork,21
Celeste,Korando,31
Twana,Felger,41
Estrella,Samu,51
Donte,Kines,61
Tiffiny,Steffensmeier,65
Edna,Miceli,5
Sue,Kownacki,40
Jesusa,Shin,80
Rolland,Francescon,64
Pamella,Schmierer,43
Glory,Kulzer,53
Shawna,Palaspas,81
Brandon,Callaro,91
Scarlet,Cartan,19
Oretha,Menter,28
Ty,Smith,37
Xuan,Rochin,46
Lindsey,Dilello,65
Devora,Perez,22
Herman,Demesa,3
Rory,Papasergi,4
Talia,Riopelle,55
Van,Shire,59
Lucina,Lary,53
Bok,Isaacs,40
Rolande,Spickerman,80
Howard,Paulas,40
Kimbery,Madarang,46
Thurman,Manno,76
Becky,Mirafuentes,53
Beatriz,Corrington,65
Marti,Maybury,5
Nieves,Gotter,11
Leatha,Hagele,22
Valentin,Klimek,3
Melissa,Wiklund,4
Sheridan,Zane,55
Bulah,Padilla,44
Audra,Kohnert,33
Daren,Weirather,53
Fernanda,Jillson,40
Gearldine,Gellinger,80
Chau,Kitzman,40
Theola,Frey,46
Cheryl,Haroldson,76
Laticia,Merced,53
Carissa,Batman,65
Lezlie,Craghead,5
Ozell,Shealy,11
Arminda,Parvis,22
Reita,Leto,3
Yolando,Luczki,4
Lizette,Stem,55
Gregoria,Pawlowicz,44
Carin,Deleo,33
Chantell,Maynerich,25
Dierdre,Yum,31
Larae,Gudroe,45
Latrice,Tolfree,12
Kerry,Theodorov,1
Dorthy,Hidvegi,90
Fannie,Lungren,87
Evangelina,Radde,100
Novella,Degroot,15
Clay,Hoa,25
Jennifer,Fallick,31
Irma,Wolfgramm,45
Eun,Coody,12
Sylvia,Cousey,1
Nana,Wrinkles,90
Layla,Springe,87
Joesph,Degonia,100
Annabelle,Boord,15
Stephaine,Vinning,19
Nelida,Sawchuk,28
Marguerita,Hiatt,37
Carmela,Cookey,46
Junita,Brideau,65
Claribel,Varriano,22
Benton,Skursky,3
Hillary,Skulski,8
Merilyn,Bayless,55
Teri,Ennaco,59
Merlyn,Lawler,53
Georgene,Montezuma,40
Jettie,Mconnell,80
Lemuel,Latzke,40
Melodie,Knipp,46
Candida,Corbley,76
Karan,Karpin,53
Andra,Scheyer,65
Felicidad,Poullion,5
Belen,Strassner,11
Gracia,Melnyk,7
Jolanda,Hanafan,9
Barrett,Toyama,4
Helga,Fredicks,55
Ashlyn,Pinilla,44
Fausto,Agramonte,33
Ronny,Caiafa,25
Marge,Limmel,31
Norah,Waymire,45
Aliza,Baltimore,12
Mozell,Pelkowski,1
Viola,Bitsuie,90
Franklyn,Emard,87
Willodean,Konopacki,100
Beckie,Silvestrini,15
Rebecka,Gesick,19
Frederica,Blunk,28
Glen,Bartolet,37
Freeman,Gochal,46
Vincent,Meinerding,65
Rima,Bevelacqua,22
Glendora,Sarbacher,9
Avery,Steier,4
Cristy,Lother,11
Nicolette,Brossart,59
Tracey,Modzelewski,53
Virgina,Tegarden,63
Tiera,Frankel,80
Alaine,Bergesen,40
Earleen,Mai,46
Leonida,Gobern,76
Ressie,Auffrey,53
Justine,Mugnolo,65
Eladia,Saulter,5
Chaya,Malvin,112
Gwenn,Suffield,22
Salena,Karpel,26
Yoko,Fishburne,4
Taryn,Moyd,55
Katina,Polidori,44
Rickie,Plumer,33
Alex,Loader,4
Lashon,Vizarro,55
Lauran,Burnard,59
Ceola,Setter,53
My,Rantanen,40
Lorrine,Worlds,45
Peggie,Sturiale,40
Marvel,Raymo,46
Daron,Dinos,76
An,Fritz,53
Portia,Stimmel,65
Rhea,Aredondo,5
Benedict,Sama,11
Alyce,Arias,52
Heike,Berganza,3
Carey,Dopico,89
Dottie,Hellickson,55
Deandrea,Hughey,44
Kimberlie,Duenas,33
Martina,Staback,25
Skye,Fillingim,31
Jade,Farrar,45
Charlene,Hamilton,12
Geoffrey,Acey,1
Stevie,Westerbeck,90
Pamella,Fortino,87
Harrison,Haufler,100
Johnna,Engelberg,15
Buddy,Cloney,19
Dalene,Riden,28
Jerry,Zurcher,37
Haydee,Denooyer,46
Joseph,Cryer,65
Deonna,Kippley,22
Raymon,Calvaresi,3
Alecia,Bubash,4
Ma,Layous,55
Detra,Coyier,59
Terrilyn,Rodeigues,53
Salome,Lacovara,5
Garry,Keetch,33
Matthew,Neither,22
Theodora,Restrepo,46
Noah,Kalafatis,76
Carmen,Sweigard,53
Lavonda,Hengel,65
Junita,Stoltzman,5
Herminia,Nicolozakes,11
Casie,Good,22
Reena,Maisto,3
Mirta,Mallett,4
Cathrine,Pontoriero,55
Filiberto,Tawil,44
Raul,Upthegrove,33
Sarah,Candlish,25
Lucy,Treston,31
Judy,Aquas,45
Yvonne,Tjepkema,12
Kayleigh,Lace,1
Felix,Hirpara,90
Tresa,Sweely,87
Kristeen,Turinetti,100
Jenelle,Regusters,15
Renea,Monterrubio,19
Olive,Matuszak,28
Ligia,Reiber,37
Christiane,Eschberger,46
Goldie,Schirpke,65
Loreta,Timenez,22
Fabiola,Hauenstein,5
Amie,Perigo,11
Raina,Brachle,22
Erinn,Canlas,59
Cherry,Lietz,53
Kattie,Vonasek,40
Lilli,Scriven,80
Whitley,Tomasulo,40
Barbra,Adkin,46
Hermila,Thyberg,76
Jesusita,Flister,53
Caitlin,Julia,65
Roosevelt,Hoffis,5
Helaine,Halter,11
Lorean,Martabano,22
France,Buzick,3
Justine,Ferrario,4
Adelina,Nabours,55
Derick,Dhamer,44
Jerry,Dallen,33
Leota,Ragel,10
Jutta,Amyot,25
Aja,Gehrett,31
Kirk,Herritt,45
Leonora,Mauson,12
Winfred,Brucato,1
Tarra,Nachor,5
Corinne,Loder,11
Dulce,Labreche,22
Kate,Keneipp,15
Kaitlyn,Ogg,25
Sherita,Saras,31
Lashawnda,Stuer,45
Ernest,Syrop,12
Nobuko,Halsey,1
Lavonna,Wolny,90
Lashaunda,Lizama,87
Mariann,Bilden,100
Helene,Rodenberger,15
Roselle,Estell,19
Samira,Heintzman,28
Margart,Meisel,37
Kristofer,Bennick,46
Weldon,Acuff,65
Shalon,Shadrick,22
Denise,Patak,3
Louvenia,Beech,4
Audry,Yaw,55
Kristel,Ehmann,59
Vincenza,Zepp,53
Elouise,Gwalthney,40
Venita,Maillard,80
Kasandra,Semidey,40
Xochitl,Discipio,46
Maile,Linahan,76
Krissy,Rauser,53
Pete,Dubaldi,65
Linn,Paa,5
Paris,Wide,11
Wynell,Dorshorst,22
Quentin,Birkner,3
Regenia,Kannady,4
Sheron,Louissant,55
Izetta,Funnell,44
Rodolfo,Butzen,33
Zona,Colla,25
Serina,Zagen,31
Paz,Sahagun,45
Markus,Lukasik,12
Jaclyn,Bachman,1
Cyril,Daufeldt,90
Gayla,Schnitzler,87
Erick,Nievas,100
Jennie,Drymon,15
Mitsue,Scipione,19
Ciara,Ventura,28
Galen,Cantres,37
Truman,Feichtner,46
Gail,Kitty,65
Dalene,Schoeneck,22
Gertude,Witten,3
Lizbeth,Kohl,4
Glenn,Berray,55
Lashandra,Klang,59
Lenna,Newville,53
Laurel,Pagliuca,40
Mireya,Frerking,80
Annelle,Tagala,40
Dean,Ketelsen,46
Levi,Munis,76
Sylvie,Ryser,53
Sharee,Maile,65
Cordelia,Storment,5
Mollie,Mcdoniel,11
Brett,Mccullan,22
Teddy,Pedrozo,3
Tasia,Andreason,4
Hubert,Walthall,55
Arthur,Farrow,44
Vilma,Berlanga,33
Billye,Miro,25
Glenna,Slayton,31
Mitzie,Hudnall,45
Bernardine,Rodefer,12
Staci,Schmaltz,1
Nichelle,Meteer,90
Janine,Rhoden,87
Ettie,Hoopengardner,100
Eden,Jayson,15
Lynelle,Auber,19
Merissa,Tomblin,28
Golda,Kaniecki,37
Catarina,Gleich,46
Virgie,Kiel,65
Jolene,Ostolaza,22
Keneth,Borgman,3
Rikki,Nayar,4
Elke,Sengbusch,55
Hoa,Sarao,59
Trinidad,Mcrae,53
Mari,Lueckenbach,40
Selma,Husser,80
Antione,Onofrio,40
Luisa,Jurney,46
Clorinda,Heimann,76
Dick,Wenzinger,53
Ahmed,Angalich,65
Iluminada,Ohms,5
Joanna,Leinenbach,11
Caprice,Suell,22
Stephane,Myricks,3
Quentin,Swayze,55
Annmarie,Castros,44
Shonda,Greenbush,44
Cecil,Lapage,33
Jeanice,Claucherty,25
Josphine,Villanueva,31
Daniel,Perruzza,45
Cassi,Wildfong,12
Britt,Galam,1
Adell,Lipkin,90
Jacqueline,Rowling,87
Lonny,Weglarz,100
Lonna,Diestel,15
Cristal,Samara,19
Kenneth,Grenet,28
Elli,Mclaird,37
Alline,Jeanty,46
Sharika,Eanes,65
Nu,Mcnease,22
Daniela,Comnick,3
Cecilia,Colaizzo,4
Leslie,Threets,55
Nan,Koppinger,59
Izetta,Dewar,53
Tegan,Arceo,40
Ruthann,Keener,80
Joni,Breland,40
Vi,Rentfro,46
Colette,Kardas,76
Malcolm,Tromblay,53
Ryan,Harnos,65
Jess,Chaffins,5
Sharen,Bourbon,110
Nickolas,Juvera,22
Gary,Nunlee,3
Diane,Devreese,31
Roslyn,Chavous,55
Glory,Schieler,44
Rasheeda,Sayaphon,33
Alpha,Palaia,22
Refugia,Jacobos,3
Shawnda,Yori,4
Mona,Delasancha,55
Gilma,Liukko,21
Janey,Gabisi,53
Lili,Paskin,40
Loren,Asar,80
Dorothy,Chesterfield,41
Gail,Similton,46
Catalina,Tillotson,76
Lawrence,Lorens,53
Carlee,Boulter,65
Thaddeus,Ankeny,5
Jovita,Oles,11
Alesia,Hixenbaugh,22
Lai,Harabedian,9
Brittni,Gillaspie,11
Raylene,Kampa,21
Flo,Bookamer,44
Jani,Biddy,24
Chauncey,Motley,60
